s1_prop_kg,mass_kg,com_z_m,ixx,iyy,izz
395700.0,421300.0,21.1494,4.539860e+07,4.539860e+07,7.291998e+05
389105.0,414705.0,20.9941,4.409112e+07,4.409112e+07,7.183968e+05
382510.0,408110.0,20.8391,4.281381e+07,4.281381e+07,7.075939e+05
375915.0,401515.0,20.6843,4.156628e+07,4.156628e+07,6.967910e+05
369320.0,394920.0,20.5297,4.034811e+07,4.034811e+07,6.859880e+05
362725.0,388325.0,20.3754,3.915891e+07,3.915891e+07,6.751851e+05
356130.0,381730.0,20.2213,3.799827e+07,3.799827e+07,6.643821e+05
349535.0,375135.0,20.0676,3.686580e+07,3.686580e+07,6.535792e+05
342940.0,368540.0,19.9142,3.576108e+07,3.576108e+07,6.427763e+05
336345.0,361945.0,19.7610,3.468371e+07,3.468371e+07,6.319733e+05
329750.0,355350.0,19.6083,3.363329e+07,3.363329e+07,6.211704e+05
323155.0,348755.0,19.4559,3.260942e+07,3.260942e+07,6.103674e+05
316560.0,342160.0,19.3038,3.161169e+07,3.161169e+07,5.995645e+05
309965.0,335565.0,19.1522,3.063969e+07,3.063969e+07,5.887616e+05
303370.0,328970.0,19.0010,2.969303e+07,2.969303e+07,5.779586e+05
296775.0,322375.0,18.8502,2.877129e+07,2.877129e+07,5.671557e+05
290180.0,315780.0,18.7000,2.787407e+07,2.787407e+07,5.563527e+05
283585.0,309185.0,18.5502,2.700096e+07,2.700096e+07,5.455498e+05
276990.0,302590.0,18.4010,2.615156e+07,2.615156e+07,5.347469e+05
270395.0,295995.0,18.2524,2.532546e+07,2.532546e+07,5.239439e+05
263800.0,289400.0,18.1044,2.452225e+07,2.452225e+07,5.131410e+05
257205.0,282805.0,17.9571,2.374152e+07,2.374152e+07,5.023380e+05
250610.0,276210.0,17.8104,2.298286e+07,2.298286e+07,4.915351e+05
244015.0,269615.0,17.6646,2.224587e+07,2.224587e+07,4.807322e+05
237420.0,263020.0,17.5196,2.153013e+07,2.153013e+07,4.699292e+05
230825.0,256425.0,17.3754,2.083523e+07,2.083523e+07,4.591263e+05
224230.0,249830.0,17.2322,2.016075e+07,2.016075e+07,4.483233e+05
217635.0,243235.0,17.0901,1.950628e+07,1.950628e+07,4.375204e+05
211040.0,236640.0,16.9491,1.887141e+07,1.887141e+07,4.267175e+05
204445.0,230045.0,16.8092,1.825571e+07,1.825571e+07,4.159145e+05
197850.0,223450.0,16.6708,1.765877e+07,1.765877e+07,4.051116e+05
191255.0,216855.0,16.5337,1.708016e+07,1.708016e+07,3.943086e+05
184660.0,210260.0,16.3983,1.651945e+07,1.651945e+07,3.835057e+05
178065.0,203665.0,16.2646,1.597622e+07,1.597622e+07,3.727028e+05
171470.0,197070.0,16.1328,1.545004e+07,1.545004e+07,3.618998e+05
164875.0,190475.0,16.0031,1.494046e+07,1.494046e+07,3.510969e+05
158280.0,183880.0,15.8757,1.444704e+07,1.444704e+07,3.402939e+05
151685.0,177285.0,15.7510,1.396934e+07,1.396934e+07,3.294910e+05
145090.0,170690.0,15.6292,1.350689e+07,1.350689e+07,3.186881e+05
138495.0,164095.0,15.5106,1.305924e+07,1.305924e+07,3.078851e+05
131900.0,157500.0,15.3956,1.262590e+07,1.262590e+07,2.970822e+05
125305.0,150905.0,15.2848,1.220640e+07,1.220640e+07,2.862792e+05
118710.0,144310.0,15.1787,1.180021e+07,1.180021e+07,2.754763e+05
112115.0,137715.0,15.0780,1.140681e+07,1.140681e+07,2.646734e+05
105520.0,131120.0,14.9835,1.102566e+07,1.102566e+07,2.538704e+05
98925.0,124525.0,14.8962,1.065617e+07,1.065617e+07,2.430675e+05
92330.0,117930.0,14.8172,1.029771e+07,1.029771e+07,2.322645e+05
85735.0,111335.0,14.7482,9.949618e+06,9.949618e+06,2.214616e+05
79140.0,104740.0,14.6908,9.611133e+06,9.611133e+06,2.106587e+05
72545.0,98145.0,14.6476,9.281421e+06,9.281421e+06,1.998557e+05
65950.0,91550.0,14.6215,8.959515e+06,8.959515e+06,1.890528e+05
59355.0,84955.0,14.6166,8.644274e+06,8.644274e+06,1.782498e+05
52760.0,78360.0,14.6381,8.334305e+06,8.334305e+06,1.674469e+05
46165.0,71765.0,14.6935,8.027853e+06,8.027853e+06,1.566440e+05
39570.0,65170.0,14.7929,7.722614e+06,7.722614e+06,1.458410e+05
32975.0,58575.0,14.9512,7.415426e+06,7.415426e+06,1.350381e+05
26380.0,51980.0,15.1909,7.101727e+06,7.101727e+06,1.242351e+05
19785.0,45385.0,15.5474,6.774534e+06,6.774534e+06,1.134322e+05
13190.0,38790.0,16.0803,6.422388e+06,6.422388e+06,1.026293e+05
6595.0,32195.0,16.8980,6.024773e+06,6.024773e+06,9.182633e+04
0.0,25600.0,18.2207,5.540437e+06,5.540437e+06,8.102339e+04
