s2_prop_kg,mass_kg,com_z_m,ixx,iyy,izz
92670.0,100630.5,49.2049,9.937024e+05,9.937024e+05,1.705222e+05
91125.5,99086.0,49.1758,9.784638e+05,9.784638e+05,1.679922e+05
89581.0,97541.5,49.1471,9.636026e+05,9.636026e+05,1.654623e+05
88036.5,95997.0,49.1186,9.491130e+05,9.491130e+05,1.629323e+05
86492.0,94452.5,49.0904,9.349889e+05,9.349889e+05,1.604023e+05
84947.5,92908.0,49.0625,9.212244e+05,9.212244e+05,1.578724e+05
83403.0,91363.5,49.0350,9.078133e+05,9.078133e+05,1.553424e+05
81858.5,89819.0,49.0078,8.947494e+05,8.947494e+05,1.528124e+05
80314.0,88274.5,48.9810,8.820266e+05,8.820266e+05,1.502824e+05
78769.5,86730.0,48.9547,8.696385e+05,8.696385e+05,1.477525e+05
77225.0,85185.5,48.9287,8.575786e+05,8.575786e+05,1.452225e+05
75680.5,83641.0,48.9032,8.458406e+05,8.458406e+05,1.426925e+05
74136.0,82096.5,48.8782,8.344178e+05,8.344178e+05,1.401626e+05
72591.5,80552.0,48.8536,8.233035e+05,8.233035e+05,1.376326e+05
71047.0,79007.5,48.8296,8.124910e+05,8.124910e+05,1.351026e+05
69502.5,77463.0,48.8061,8.019731e+05,8.019731e+05,1.325727e+05
67958.0,75918.5,48.7833,7.917429e+05,7.917429e+05,1.300427e+05
66413.5,74374.0,48.7610,7.817930e+05,7.817930e+05,1.275127e+05
64869.0,72829.5,48.7394,7.721160e+05,7.721160e+05,1.249828e+05
63324.5,71285.0,48.7186,7.627043e+05,7.627043e+05,1.224528e+05
61780.0,69740.5,48.6985,7.535500e+05,7.535500e+05,1.199228e+05
60235.5,68196.0,48.6792,7.446449e+05,7.446449e+05,1.173929e+05
58691.0,66651.5,48.6608,7.359807e+05,7.359807e+05,1.148629e+05
57146.5,65107.0,48.6433,7.275486e+05,7.275486e+05,1.123329e+05
55602.0,63562.5,48.6268,7.193397e+05,7.193397e+05,1.098030e+05
54057.5,62018.0,48.6114,7.113444e+05,7.113444e+05,1.072730e+05
52513.0,60473.5,48.5971,7.035529e+05,7.035529e+05,1.047430e+05
50968.5,58929.0,48.5841,6.959548e+05,6.959548e+05,1.022131e+05
49424.0,57384.5,48.5724,6.885393e+05,6.885393e+05,9.968308e+04
47879.5,55840.0,48.5622,6.812946e+05,6.812946e+05,9.715311e+04
46335.0,54295.5,48.5535,6.742086e+05,6.742086e+05,9.462315e+04
44790.5,52751.0,48.5466,6.672679e+05,6.672679e+05,9.209318e+04
43246.0,51206.5,48.5416,6.604587e+05,6.604587e+05,8.956321e+04
41701.5,49662.0,48.5386,6.537655e+05,6.537655e+05,8.703324e+04
40157.0,48117.5,48.5378,6.471719e+05,6.471719e+05,8.450327e+04
38612.5,46573.0,48.5395,6.406599e+05,6.406599e+05,8.197330e+04
37068.0,45028.5,48.5440,6.342097e+05,6.342097e+05,7.944334e+04
35523.5,43484.0,48.5514,6.277993e+05,6.277993e+05,7.691337e+04
33979.0,41939.5,48.5622,6.214044e+05,6.214044e+05,7.438340e+04
32434.5,40395.0,48.5768,6.149978e+05,6.149978e+05,7.185343e+04
30890.0,38850.5,48.5955,6.085486e+05,6.085486e+05,6.932346e+04
29345.5,37306.0,48.6189,6.020217e+05,6.020217e+05,6.679350e+04
27801.0,35761.5,48.6476,5.953771e+05,5.953771e+05,6.426353e+04
26256.5,34217.0,48.6824,5.885680e+05,5.885680e+05,6.173356e+04
24712.0,32672.5,48.7240,5.815401e+05,5.815401e+05,5.920359e+04
23167.5,31128.0,48.7735,5.742293e+05,5.742293e+05,5.667362e+04
21623.0,29583.5,48.8322,5.665590e+05,5.665590e+05,5.414365e+04
20078.5,28039.0,48.9015,5.584371e+05,5.584371e+05,5.161369e+04
18534.0,26494.5,48.9833,5.497510e+05,5.497510e+05,4.908372e+04
16989.5,24950.0,49.0800,5.403617e+05,5.403617e+05,4.655375e+04
15445.0,23405.5,49.1944,5.300947e+05,5.300947e+05,4.402378e+04
13900.5,21861.0,49.3304,5.187278e+05,5.187278e+05,4.149381e+04
12356.0,20316.5,49.4929,5.059726e+05,5.059726e+05,3.896384e+04
10811.5,18772.0,49.6883,4.914476e+05,4.914476e+05,3.643388e+04
9267.0,17227.5,49.9256,4.746363e+05,4.746363e+05,3.390391e+04
7722.5,15683.0,50.2171,4.548209e+05,4.548209e+05,3.137394e+04
6178.0,14138.5,50.5805,4.309719e+05,4.309719e+05,2.884397e+04
4633.5,12594.0,51.0425,4.015576e+05,4.015576e+05,2.631400e+04
3089.0,11049.5,51.6442,3.641926e+05,3.641926e+05,2.378404e+04
1544.5,9505.0,52.4539,3.149444e+05,3.149444e+05,2.125407e+04
0.0,7960.5,53.5924,2.468328e+05,2.468328e+05,1.872410e+04
